{"0":{"0":0.1839376937460665,"1":-0.11893461272442518,"2":0.5812822436140774,"3":0.6620166267398265,"4":0.29408216037884316},"1":{"0":0.610074953900134,"1":0.7454563927268415,"2":0.07006664291427223,"3":0.6562774789424751,"4":0.21835923446237981},"2":{"0":0.3520315209626421,"1":0.8433147619476343,"2":0.7489374647210802,"3":0.701966608175963,"4":0.6126960737678732},"3":{"0":0.06269018534873882,"1":0.5383041275200455,"2":0.008862747378054037,"3":0.14402750712368817,"4":0.15902584706305678},"4":{"0":0.24332899432100216,"1":-0.09120479080540536,"2":0.22958436840700122,"3":-0.12026907892418828,"4":0.2557980979026738}}