{"0":{"0":0.8573380077018925,"1":-2.3957505306367706,"2":2.1806835967372673,"3":9.524455600655935,"4":-9.804748591028531},"1":{"0":0.43351774845945246,"1":9.567412920088668,"2":-4.232374788907954,"3":-10.826794527020326,"4":5.3244731902006075},"2":{"0":-1.5280808073813736,"1":-6.204166896228881,"2":2.443427150644358,"3":1.5940549151521461,"4":3.4471971470055487}}