{"0":{"0":0.390291334293986,"1":0.10193740671627483,"2":-0.20194572798714983,"3":0.022605466421419695,"4":-0.06110489347193615},"1":{"0":0.51537641278087,"1":0.20267943287947515,"2":0.32339467846938513,"3":0.708943084192553,"4":0.7305332220016285},"2":{"0":0.4363858754630734,"1":0.32906925569078216,"2":-0.09390885827387874,"3":0.1409789773972676,"4":-0.14932623921431942},"3":{"0":0.7879670766776931,"1":0.776812895404301,"2":0.7724217895949117,"3":0.09318246091744375,"4":-0.1877749724439134},"4":{"0":0.5118196248392431,"1":0.49607176629739724,"2":0.18422944691366458,"3":0.3041225921306021,"4":0.2820756926560375}}