{"0":{"0":-0.4535737208795499,"1":-1.4256101240255175,"2":-0.6031410566890382,"3":-0.24534292701784355,"4":0.9592298923495638},"1":{"0":0.28762314689656826,"1":0.6847894464534602,"2":0.2520651559386433,"3":0.013580159144720778,"4":-0.43986033345981335},"2":{"0":0.13408871976238507,"1":0.8961601377537448,"2":0.43007718984988164,"3":0.18524113845145396,"4":-0.42867156235600945}}