{"0":{"0":-0.6905998523120983,"1":0.7236309958611551,"2":0.5916727299824569,"3":-0.24302010763786036,"4":-0.6925923156830422},"1":{"0":0.594762945173894,"1":-0.4918187080312867,"2":-0.4411626823168961,"3":0.7499517747819111,"4":-1.4287970296501573},"2":{"0":-0.630425007438424,"1":-0.6142684486561977,"2":-0.7266218699542919,"3":0.326875139008607,"4":0.6995441109735296}}