{"0":{"0":0.26524987754172946,"1":-0.2470194693048699,"2":-0.08912139782183572,"3":-0.36227732786526473,"4":0.009402642998844496},"1":{"0":0.03570164538978744,"1":-0.13930437099853302,"2":-0.08842349039465908,"3":0.16391252064910342,"4":0.08824302260906197},"2":{"0":-0.5685090656768561,"1":-0.06882903176891642,"2":-0.15198011455534582,"3":-0.2480497349052465,"4":0.29324110737875286}}