{"0":{"0":6.02592058697438,"1":-6.515086683161144,"2":-2.88291148503529,"3":3.382326416645346,"4":0.540147175532944},"1":{"0":-4.394584041577431,"1":7.493663443790331,"2":-9.124847168464647,"3":3.8738100821237085,"4":2.08533315531579},"2":{"0":-2.6231052797776155,"1":-0.6165464530342367,"2":11.16982710420128,"3":-5.012580092596882,"4":-3.01179531821466}}