{"0":{"0":-11.338952047670384,"1":0.11510531037963073,"2":-2.7885374677725703,"3":5.862214268512355,"4":5.863930775982565},"1":{"0":3.338271477480694,"1":-8.412795705360791,"2":5.444856460186676,"3":-5.406509210466669,"4":-3.571490550552093},"2":{"0":2.7406285579790053,"1":-9.125334211974154,"2":3.3197072378414054,"3":1.0421209981942074,"4":0.571747840707069},"3":{"0":-32.21118521382942,"1":-17.56105175083213,"2":-5.568805199617936,"3":5.115423701196516,"4":5.0358045686259},"4":{"0":6.819178369462749,"1":-8.081478055410809,"2":-1.9074414731661435,"3":-13.804119786222081,"4":-12.266096213283909}}