{"0":{"0":0.018722383136485297,"1":-0.24099374053138234,"2":-0.2611067078458933,"3":-0.04849869092785771,"4":-0.24270926663689818},"1":{"0":-0.2290511713448379,"1":0.06308840100507668,"2":-0.2626639651666892,"3":0.17997895878999223,"4":-0.23733269284320804},"2":{"0":0.43608022367462995,"1":-0.1384350864770923,"2":0.27932315997545765,"3":-0.21773733274464555,"4":-0.04954415261432077}}