{"0":{"0":0.6130502348746681,"1":0.5677266442299279,"2":0.8644404091270982,"3":0.7600275789260194,"4":0.798891584202356},"1":{"0":0.9335661887290977,"1":0.8023755311515829,"2":0.37086300771987823,"3":0.33926005901559364,"4":0.5829661469307527},"2":{"0":0.6628287227289357,"1":0.10031685400991919,"2":0.3375206262674515,"3":0.09155897844014649,"4":0.5748743467957002},"3":{"0":0.597334856674289,"1":0.3523876702901906,"2":0.8285594496779392,"3":0.7107783008036551,"4":0.9971316690130425},"4":{"0":0.8395510903028663,"1":0.5771902214654702,"2":0.9080710186643024,"3":0.4331424090914039,"4":0.6898604866318715}}