{"0":{"0":0.5567677893616422,"1":0.39971001659737226,"2":0.7065420370557384,"3":0.029107259498070026,"4":0.8087904130145007},"1":{"0":0.5227435648712084,"1":0.8091590920044915,"2":0.7323404150127232,"3":0.257038894410726,"4":0.20169298132470448},"2":{"0":0.6062750302447083,"1":0.4940022942974164,"2":0.7881291984427107,"3":0.539956941090454,"4":0.29983827521880013},"3":{"0":0.01977723054943592,"1":0.5224703019813784,"2":0.29114237610870397,"3":0.03544712952669804,"4":0.4027413440688894},"4":{"0":0.8369682163360292,"1":0.8028178535707594,"2":0.9426380490976854,"3":0.929339107139863,"4":0.23000473053590453}}