{"0":{"0":0.7206262741924149,"1":0.0422854128584198,"2":0.17516902514309096,"3":0.08180644194807474,"4":0.7007827350531798},"1":{"0":0.7043332000680231,"1":0.7896671144945078,"2":0.7293006440097344,"3":0.8443389767994877,"4":0.06288244344471061},"2":{"0":0.7393321134779864,"1":0.6261567989840837,"2":0.177951142976968,"3":0.5710211840955448,"4":0.11887998574130543},"3":{"0":0.6272926455968745,"1":0.5308629479581124,"2":0.23209685928136337,"3":0.16564140736710664,"4":0.2790390745593052},"4":{"0":0.768473869453528,"1":0.49620855238728556,"2":0.3486507172241533,"3":0.6783651930838837,"4":0.5643182592107435}}